phrase,items,labels
"Bienvenue sur notre podcast, euh, où nous v- v- vous parlons de voyages","['Bienvenue', 'sur', 'notre', 'podcast', ',', 'euh', ',', 'où', 'nous', 'v-', 'v-', 'vous', 'parlons', 'de', 'voyages']","['O', 'O', 'O', 'O', 'O', 'B-FIL', 'O', 'O', 'O', 'B-STU', 'I-STU', 'O', 'O', 'O', 'O']"
"[Respiration] Pour ainsi dire, nous, nous allons commencer","['[Respiration]', 'Pour', 'ainsi', 'dire', ',', 'nous', ',', 'nous', 'allons', 'commencer']","['B-NOI', 'B-FIL', 'I-FIL', 'I-FIL', 'O', 'O', 'O', 'B-REP', 'O', 'O']"
"[Clic] Euh, à à à vrai dire, je suis perplexe.","['[Clic]', 'Euh', ',', 'à', 'à', 'à', 'vrai', 'dire', ',', 'je', 'suis', 'perplexe', '.']","['B-NOI', 'B-FIL', 'O', 'B-REP', 'I-REP', 'I-REP', 'O', 'O', 'O', 'O', 'O', 'O', 'O']"
"Quoi ? Tu as t- t- toujours su cela ?","['Quoi', '?', 'Tu', 'as', 't-', 't-', 'toujours', 'su', 'cela', '?']","['B-INT', 'O', 'O', 'O', 'B-STU', 'I-STU', 'O', 'O', 'O', 'O']"
"Euh, je v- v- pense que, en fait, c'est une bonne idée.","['Euh',',','je','v-','v-','pense','que',',','en','fait',',','c\'est','une','bonne','idée','.']","['B-FIL','O','O','B-STU','I-STU','O','O','O','B-FIL','I-FIL','O','O','O','O','O','O']"
"Et donc, hum, c'est fini.","['Et', 'donc', ',', 'hum', ',', 'c\'est', 'fini', '.']","['B-FIL', 'I-FIL', 'O', 'B-FIL', 'O', 'O', 'O', 'O']"
"Merci d'avoir écouté, euh, et à la semaine prochaine.","['Merci', ""d'avoir"", 'écouté', ',', 'euh', ',', 'et', 'à', 'la', 'semaine', 'prochaine', '.']","['O', 'O', 'O', 'O', 'B-FIL', 'O', 'O', 'O', 'O', 'O', 'O', 'O']"
"Euh, je ne ne sais pas par où commencer cette histoire","['Euh', ',', 'je', 'ne', 'ne', 'sais', 'pas', 'par', 'où', 'commencer', 'cette', 'histoire']","['B-FIL', 'O', 'O', 'O', 'B-REP', 'O', 'O', 'O', 'O', 'O', 'O', 'O']"
"À, à, à chaque épisode, quelque chose de nouveau","['À', ',', 'à', ',', 'à', 'chaque', 'épisode', ',', 'quelque', 'chose', 'de', 'nouveau']","['B-REP', 'O', 'I-REP', 'O', 'I-REP', 'O', 'O', 'O', 'O', 'O', 'O', 'O']"
"Euh, je v- v- vais vous parler d'un livre fascinant.","['Euh', ',', 'je', 'v-', 'v-', 'vais', 'vous', 'parler', ""d'un"", 'livre', 'fascinant', '.']","['B-FIL', 'O', 'O', 'B-STU', 'I-STU', 'O', 'O', 'O', 'O', 'O', 'O', 'O']"
"Ah, n'oubliez pas de laisser vos commentaires et suggestions.","['Ah', ',', ""n'oubliez"", 'pas', 'de', 'laisser', 'vos', 'commentaires', 'et', 'suggestions', '.']","['B-INT', 'O', 'O', 'O', 'O', 'O', 'O', 'O', 'O', 'O', 'O']"
"Et maintenant, euh, passons à notre rubrique habituelle.","['Et', 'maintenant', ',', 'euh', ',', 'passons', 'à', 'notre', 'rubrique', 'habituelle', '.']","['O', 'O', 'O', 'B-FIL', 'O', 'O', 'O', 'O', 'O', 'O', 'O']"
"Hein ? Euh, on me dit que nous avons encore du temps.","['Hein', '?', 'Euh', ',', 'on', 'me', 'dit', 'que', 'nous', 'avons', 'encore', 'du', 'temps', '.']","['B-INT', 'O', 'B-FIL', 'O', 'O', 'O', 'O', 'O', 'O', 'O', 'O', 'O', 'O', 'O']"
"Et donc, à la prochaine fois pour un nouvel épisode passionnant.","['Et', 'donc', ',', 'à', 'la', 'prochaine', 'fois', 'pour', 'un', 'nouvel', 'épisode', 'passionnant', '.']","['B-FIL', 'I-FIL', 'O', 'O', 'O', 'O', 'O', 'O', 'O', 'O', 'O', 'O', 'O']"
"Ah, je ne ne comprends pas.","['Ah',',','je','ne','ne','comprends','pas','.']","['B-INT','O','O','O','B-REP','O','O','O']"
"Quoi ? Euh, tu ne ne m'as jamais parlé de ça !","['Quoi', '?', 'Euh', ',', 'tu', 'ne', 'ne', ""m'as"", 'jamais', 'parlé', 'de', 'ça', '!']","['B-INT', 'O', 'B-FIL', 'O', 'O', 'O', 'B-REP', 'O', 'O', 'O', 'O', 'O', 'O']"
"Euh, et et et donc, nous devrions peut-être commencer","['Euh', ',', 'et', 'et', 'et', 'donc', ',', 'nous', 'devrions', 'peut-être', 'commencer']","['B-FIL', 'O', 'B-REP', 'I-REP', 'I-REP', 'B-FIL', 'O', 'O', 'O', 'O', 'O']"
"Donc, je v- vais commencer par une introduction générale","['Donc', ',', 'je', 'v-', 'vais', 'commencer', 'par', 'une', 'introduction', 'générale']","['B-FIL', 'O', 'O', 'B-STU', 'O', 'O', 'O', 'O', 'O', 'O']"
"[Clic] Eh bien, en fait, nous avons décidé.","['[Clic]','Eh','bien',',','en','fait',',','nous','avons','décidé','.']","['B-NOI','B-INT','I-INT','O','B-FIL','I-FIL','O','O','O','O','O']"
"Et donc, chers auditeurs, restons connectés pour la suite.","['Et', 'donc', ',', 'chers', 'auditeurs', ',', 'restons', 'connectés', 'pour', 'la', 'suite', '.']","['B-FIL', 'I-FIL', 'O', 'O', 'O', 'O', 'O', 'O', 'O', 'O', 'O', 'O']"
"Euh, et, et, et si on essayait une autre approche","['Euh', ',', 'et', ',', 'et', ',', 'et', 'si', 'on', 'essayait', 'une', 'autre', 'approche']","['B-FIL', 'O', 'B-REP', 'O', 'I-REP', 'O', 'I-REP', 'O', 'O', 'O', 'O', 'O', 'O']"
"Euh, je voudrais euh un café.","['Euh',',','je','voudrais','euh','un','cafeˊ','.']","['B-FIL','O','O','O','B-FIL','O','O','O']"
"L'entreprise a connu une croissance significative","[""L'entreprise"", 'a', 'connu', 'une', 'croissance', 'significative']","['O', 'O', 'O', 'O', 'O', 'O']"
"Je v- v- voudrais [Tousse] dire que...","['Je','v-','v-','voudrais','[Tousse]', 'dire','que','...']","['O','B-STU','I-STU','O','B-NOI','O','O','O']"
"Euh, je ne ne peux que vous le recommander vivement","['Euh', ',', 'je', 'ne', 'ne', 'peux', 'que', 'vous', 'le', 'recommander', 'vivement']","['B-FIL', 'O', 'O', 'O', 'B-REP', 'O', 'O', 'O', 'O', 'O', 'O']"
"Ah, et et et donc, tu as décidé de partir ?","['Ah', ',', 'et', 'et', 'et', 'donc', ',', 'tu', 'as', 'décidé', 'de', 'partir', '?']","['B-INT', 'O', 'O', 'B-REP', 'B-FIL', 'I-FIL', 'O', 'O', 'O', 'O', 'O', 'O', 'O']"
"Euh, je ne ne peux pas croire ce que j'ai vu hier.","['Euh', ',', 'je', 'ne', 'ne', 'peux', 'pas', 'croire', 'ce', 'que', ""j'ai"", 'vu', 'hier', '.']","['B-FIL', 'O', 'O', 'O', 'B-REP', 'O', 'O', 'O', 'O', 'O', 'O', 'O', 'O', 'O']"
"Ah, cette fois, c'est vraiment la fin, merci à tous","['Ah', ',', 'cette', 'fois', ',', 'c\'est', 'vraiment', 'la', 'fin', ',', 'merci', 'à', 'tous',]","['B-INT', 'O', 'O', 'O', 'O', 'O', 'O', 'O', 'O', 'O', 'O', 'O', 'O']"
"Je v- v- voudrais maintenant aborder les points clés","['Je', 'v-', 'v-', 'voudrais', 'maintenant', 'aborder', 'les', 'points', 'clés']","['O', 'B-STU', 'I-STU', 'O', 'O', 'O', 'O', 'O', 'O']"
"[Respiration] En fait, je v- v- v- voudrais euh parler.","['[Respiration]', 'En', 'fait', ',', 'je', 'v-', 'v-', 'v-', 'voudrais', 'euh', 'parler', '.']","['B-NOI', 'B-FIL', 'I-FIL', 'O', 'O', 'B-STU', 'I-STU', 'I-STU', 'O', 'B-FIL', 'O', 'O']"
"Euh, mais en fait, il est déjà parti.","['Euh', ',', 'mais', 'en', 'fait', ',', 'il', 'est', 'déjà', 'parti', '.']","['B-FIL', 'O', 'B-FIL', 'I-FIL', 'I-FIL', 'O', 'O', 'O', 'O', 'O', 'O']"
"Quoi ? Euh, je ne ne savais pas.","['Quoi', '?', 'Euh', ',', 'je', 'ne', 'ne', 'savais', 'pas', '.']","['B-INT', 'O', 'B-FIL', 'O', 'O', 'O', 'B-REP', 'O', 'O', 'O']"
"[Clic] Et donc, que proposez-vous ?","['[Clic]', 'Et', 'donc', ',', 'que', 'proposez', '-', 'vous', '?']","['B-NOI', 'B-FIL', 'I-FIL', 'O', 'O', 'O', 'O', 'O', 'O']"
"Ah bah d'accord, c'est comme ça.","['Ah', 'bah', ""d'accord"", ',', 'c\'est', 'comme', 'ça', '.']","['B-INT', 'I-INT', 'I-INT', 'O', 'O', 'O', 'O', 'O']"
"Euh, je v- v- voulais te dire quelque chose.","['Euh', ',', 'je', 'v-', 'v-', 'voulais', 'te', 'dire', 'quelque', 'chose', '.']","['B-FIL', 'O', 'O', 'B-STU', 'I-STU', 'O', 'O', 'O', 'O', 'O', 'O']"
"Ah, je v- v- vais vous raconter une anecdote","['Ah', ',', 'je', 'v-', 'v-', 'vais', 'vous', 'raconter', 'une', 'anecdote']","['B-INT', 'O', 'O', 'B-STU', 'I-STU', 'O', 'O', 'O', 'O', 'O']"
"[Respiration] Et donc, c'est décidé.","['[Respiration]', 'Et', 'donc', ',', 'c\'est', 'décidé', '.']","['B-NOI', 'B-FIL', 'I-FIL', 'O', 'O', 'O', 'O']"
"Quoi ? Mais en fait, je ne ne sais pas.","['Quoi', '?', 'Mais', 'en', 'fait', ',', 'je', 'ne', 'ne', 'sais', 'pas', '.']","['B-INT', 'O', 'B-FIL', 'I-FIL', 'I-FIL', 'O', 'O', 'O', 'B-REP', 'O', 'O', 'O']"
"Et donc, euh, ce livre explore des thèmes profonds.","['Et', 'donc', ',', 'euh', ',', 'ce', 'livre', 'explore', 'des', 'thèmes', 'profonds', '.']","['B-FIL', 'I-FIL', 'O', 'B-FIL', 'O', 'O', 'O', 'O', 'O', 'O', 'O', 'O']"
"C'est bon, le problème est résolu, continuons","['C\'est', 'bon', ',', 'le', 'problème', 'est', 'résolu', ',', 'continuons']","['O', 'O', 'O', 'O', 'O', 'O', 'O', 'O', 'O']"
"Ah, je ne ne peux pas attendre de vous en dire plus","['Ah', ',', 'je', 'ne', 'ne', 'peux', 'pas', 'attendre', 'de', 'vous', 'en', 'dire', 'plus']","['B-INT', 'O', 'O', 'O', 'B-REP', 'O', 'O', 'O', 'O', 'O', 'O', 'O', 'O']"
"Euh, à, à l'occasion, nous inviterons des experts","['Euh', ',', 'à', ',', 'à', ""l'occasion"", ',', 'nous', 'inviterons', 'des', 'experts']","['B-FIL', 'O', 'B-REP', 'O', 'I-REP', 'O', 'O', 'O', 'O', 'O', 'O']"
"Comme vous savez, euh, le marché est en constante évolution","['Comme', 'vous', 'savez', ',', 'euh', ',', 'le', 'marché', 'est', 'en', 'constante', 'évolution']","['O', 'O', 'O', 'O', 'B-FIL', 'O', 'O', 'O', 'O', 'O', 'O', 'O']"
"Bienvenue dans cet épisode, euh, dédié à la technologie","['Bienvenue', 'dans', 'cet', 'épisode', ',', 'euh', ',', 'dédié', 'à', 'la', 'technologie']","['O', 'O', 'O', 'O', 'O', 'B-FIL', 'O', 'O', 'O', 'O', 'O']"
"Oh, aujourd'hui, nous explorons le cerveau humain","['Ah', ',', 'aujourd\'hui', ',', 'nous', 'explorons', 'le', 'cerveau', 'humain']","['B-INT', 'O', 'O', 'O', 'O', 'O', 'O', 'O', 'O']"
"Euh, je v- v- vais commencer par une brève introduction.","['Euh', ',', 'je', 'v-', 'v-', 'vais', 'commencer', 'par', 'une', 'brève', 'introduction', '.']","['B-FIL', 'O', 'O', 'B-STU', 'I-STU', 'O', 'O', 'O', 'O', 'O', 'O', 'O']"
"Euh, ah bah d'accord, on y va.","['Euh', ',', 'ah', 'bah', ""d'accord"", ',', 'on', 'y', 'va', '.']","['B-FIL', 'O', 'B-INT', 'I-INT', 'I-INT', 'O', 'O', 'O', 'O', 'O']"
"Dans cet épisode, nous explorons les profondeurs de l'océan.","['Dans', 'cet', 'épisode', ',', 'nous', 'explorons', 'les', 'profondeurs', 'de', ""l'océan"", '.']","['O', 'O', 'O', 'O', 'O', 'O', 'O', 'O', 'O', 'O', 'O']"
"[Clic] Euh, et donc, on commence ?","['[Clic]', 'Euh', ',', 'et', 'donc', ',', 'on', 'commence', '?']","['B-NOI', 'B-FIL', 'O', 'B-FIL', 'I-FIL', 'O', 'O', 'O', 'O']"
"Euh, je ne ne peux pas t'aider cette fois-ci.","['Euh', ',', 'je', 'ne', 'ne', 'peux', 'pas', ""t'aider"", 'cette', 'fois-ci', '.']","['B-FIL', 'O', 'O', 'O', 'B-REP', 'O', 'O', 'O', 'O', 'O', 'O']"
"Ah, je ne ne t'ai pas vu venir.","['Ah', ',', 'je', 'ne', 'ne', ""t'ai"", 'pas', 'vu', 'venir', '.']","['B-INT', 'O', 'O', 'O', 'B-REP', 'O', 'O', 'O', 'O', 'O']"
"Euh, mais enfin, que faire ?","['Euh', ',', 'mais', 'enfin', ',', 'que', 'faire', '?']","['B-FIL', 'O', 'B-INT', 'I-INT', 'O', 'O', 'O', 'O']"
"Euh, aujourd'hui, nous v- v- voulons vous présenter","['Euh', ',', 'aujourd\'hui', ',', 'nous', 'v-', 'v-', 'voulons', 'vous', 'présenter']","['B-FIL', 'O', 'O', 'O', 'O', 'B-STU', 'I-STU', 'O', 'O', 'O']"
"Ah, euh, comment dire, je ne ne sais pas.","['Ah', ',', 'euh', ',', 'comment', 'dire', ',', 'je', 'ne', 'ne', 'sais', 'pas', '.']","['B-INT', 'O', 'B-FIL', 'O', 'B-FIL', 'I-FIL', 'O', 'O', 'O', 'B-REP', 'O', 'O', 'O']"
"En fait, je ne ne sais pas.","['En','fait',',','je','ne','ne','sais','pas','.']","['B-FIL','I-FIL','O','O','O','B-REP','O','O','O']"
"Euh, [Souffle] mais enfin, que se passe-t-il exactement ?","['Euh', ',', '[Souffle]', 'mais', 'enfin', ',', 'que', 'se', 'passe', '-', 't', '-', 'il', '?']","['B-FIL', 'O', 'B-NOI', 'B-INT', 'I-INT', 'O', 'O', 'O', 'O', 'O', 'O', 'O', 'O', 'O']"
"Oh ! [Clic] Qu'est-ce que c'est ?","['Oh','!','[Clic]',""Qu'est-ce"",'que','c\'est','?']","['B-INT','O','B-NOI','O','O','O','O']"
"Donc, je ne ne prendrai pas plus de votre temps.","['Donc', ',', 'je', 'ne', 'ne', 'prendrai', 'pas', 'plus', 'de', 'votre', 'temps', '.']","['B-FIL', 'O', 'O', 'O', 'B-REP', 'O', 'O', 'O', 'O', 'O', 'O', 'O']"
"Je pense que, euh, nous devrions partir.","['Je','pense','que',',','euh',',','nous','devrions','partir','.']","['O','O','O','O','B-FIL','O','O','O','O','O']"
"Eh bien, pour ainsi dire, c'est compliqué.","['Eh', 'bien', ',', 'pour', 'ainsi', 'dire', ',', 'c\'est', 'compliqué', '.']","['B-FIL', 'I-FIL', 'O', 'B-FIL', 'I-FIL', 'I-FIL', 'O', 'O', 'O', 'O']"
"Euh... je, euh, ne sais pas","['Euh', '...', 'je', ',', 'euh', ',', 'ne', 'sais', 'pas']","['B-FIL', 'O', 'O', 'O', 'B-FIL', 'O', 'O', 'O', 'O']"
"Oh, je crois que nous devrions partir.","['Oh', ',', 'je', 'crois', 'que', 'nous', 'devrions', 'partir', '.']","['B-INT', 'O', 'O', 'O', 'O', 'O', 'O', 'O', 'O']"
"[Clic] Euh, en fait, c'est difficile.","['[Clic]', 'Euh', ',', 'en', 'fait', ',', 'c\'est', 'difficile', '.']","['B-NOI', 'B-FIL', 'O', 'B-FIL', 'I-FIL', 'O', 'O', 'O', 'O']"
"Je ne ne comprends toujours pas.","['Je', 'ne', 'ne', 'comprends', 'toujours', 'pas', '.']","['O', 'O', 'B-REP', 'O', 'O', 'O', 'O']"
"Je v- v- vais euh t'expliquer en détail.","['Je', 'v-', 'v-', 'vais', 'euh', ""t'expliquer"", 'en', 'détail', '.']","['O', 'B-STU', 'I-STU', 'O', 'B-FIL', 'O', 'O', 'O', 'O']"
"[Bruit_de_papier] En fait, nous avons fini.","['[Bruit_de_papier]', 'En', 'fait', ',', 'nous', 'avons', 'fini', '.']","['B-NOI', 'B-FIL', 'I-FIL', 'O', 'O', 'O', 'O', 'O']"
"Euh, je v- v- vais commencer.","['Euh', ',', 'je', 'v-', 'v-', 'vais', 'commencer', '.']","['B-FIL', 'O', 'O', 'B-STU', 'I-STU', 'O', 'O', 'O']"
"[Clic] Ah, c'est vrai.","['[Clic]', 'Ah', ',', 'c\'est', 'vrai', '.']","['B-NOI', 'B-INT', 'O', 'O', 'O', 'O']"
"Quoi ? Tu as d- d- décidé de ne plus venir ?","['Quoi', '?', 'Tu', 'as', 'd-', 'd-', 'décidé', 'de', 'ne', 'plus', 'venir', '?']","['B-INT', 'O', 'O', 'O', 'B-STU', 'I-STU', 'O', 'O', 'O', 'O', 'O', 'O']"
"Euh, en fait, je ne ne sais pas quoi dire.","['Euh', ',', 'en', 'fait', ',', 'je', 'ne', 'ne', 'sais', 'pas', 'quoi', 'dire', '.']","['B-FIL', 'O', 'B-FIL', 'I-FIL', 'O', 'O', 'O', 'B-REP', 'O', 'O', 'O', 'O', 'O']"
"Je ne ne peux pas venir.","['Je', 'ne', 'ne', 'peux', 'pas', 'venir', '.']","['O', 'O', 'B-REP', 'O', 'O', 'O', 'O']"
"[Respiration] En fait, je v- v- v- voudrais euh parler","['[Respiration]', 'En', 'fait', ',', 'je', 'v-', 'v-', 'v-', 'voudrais', 'euh', 'parler']","['B-NOI', 'B-FIL', 'I-FIL', 'O', 'O', 'B-STU', 'I-STU', 'I-STU', 'O', 'B-FIL', 'O']"
"Ah, euh, comment dire, je ne ne sais pas","['Ah', ',', 'euh', ',', 'comment', 'dire', ',', 'je', 'ne', 'ne', 'sais', 'pas']","['B-INT', 'O', 'B-FIL', 'O', 'O', 'O', 'O', 'O', 'O', 'B-REP', 'O', 'O']"
"Ah bah d'accord ! Et donc, on reporte la réunion ?","['Ah', 'bah', ""d'accord"", '!', 'Et', 'donc', ',', 'on', 'reporte', 'la', 'réunion', '?']","['B-INT', 'I-INT', 'I-INT', 'O', 'B-FIL', 'I-FIL', 'O', 'O', 'O', 'O', 'O', 'O']"
"Euh, je v- v- vous remercie, bonne journée.","['Euh', ',', 'je', 'v-', 'v-', 'vous', 'remercie', ',', 'bonne', 'journée', '.']","['B-FIL', 'O', 'O', 'B-STU', 'I-STU', 'O', 'O', 'O', 'O', 'O', 'O']"
"Je v- v- vais voir euh ce que je peux faire.","['Je', 'v-', 'v-', 'vais', 'voir', 'euh', 'ce', 'que', 'je', 'peux', 'faire', '.']","['O', 'B-STU', 'I-STU', 'O', 'O', 'B-FIL', 'O', 'O', 'O', 'O', 'O', 'O']"
"Eh bien, donc, euh, c'est compliqué","['Eh', 'bien', ',', 'donc', ',', 'euh', ',', 'c\'est', 'compliqué']","['B-INT', 'I-INT', 'O', 'B-FIL', 'O', 'B-FIL', 'O', 'O', 'O']"
"Euh... je, euh, ne sais pas.","['Euh', '...', 'je', ',', 'euh', ',', 'ne', 'sais', 'pas', '.']","['B-FIL', 'O', 'O', 'O', 'B-FIL', 'O', 'O', 'O', 'O', 'O']"
"[Silence] Oh, je crois que nous devrions partir.","['[Silence]', 'Oh', ',', 'je', 'crois', 'que', 'nous', 'devrions', 'partir', '.']","['B-SIL', 'B-INT', 'O', 'O', 'O', 'O', 'O', 'O', 'O', 'O']"
"[Clic] Euh, en fait, c'est difficile.","['[Clic]', 'Euh', ',', 'en', 'fait', ',', 'c\'est', 'difficile', '.']","['B-NOI', 'B-FIL', 'O', 'B-FIL', 'I-FIL', 'O', 'O', 'O', 'O']"
"Euh, je ne sais pas si si vous m'entendez toujours.","['Euh', ',', 'je', 'ne', 'sais', 'pas', 'si', 'si', 'vous', ""m'entendez"", 'toujours', '.']","['B-FIL', 'O', 'O', 'O', 'O', 'O', 'O', 'B-REP', 'O', 'O', 'O', 'O']"
"Je ne ne comprends toujours pas.","['Je', 'ne', 'ne', 'comprends', 'toujours', 'pas', '.']","['O', 'O', 'B-REP', 'O', 'O', 'O', 'O']"
"[Bruit_de_papier] En fait, nous avons fini.","['[Bruit_de_papier]', 'En', 'fait', ',', 'nous', 'avons', 'fini', '.']","['B-NOI', 'B-FIL', 'I-FIL', 'O', 'O', 'O', 'O', 'O']"
"Euh, je v- v- vais commencer.","['Euh', ',', 'je', 'v-', 'v-', 'vais', 'commencer', '.']","['B-FIL', 'O', 'O', 'B-STU', 'I-STU', 'O', 'O', 'O']"
"Mais enfin, [Clic] c'est t- trop tard pour changer d'avis","['Mais', 'enfin', ',', '[Clic]', 'c\'est', 't-', 'trop', 'tard', 'pour', 'changer', 'd\'avis']","['B-INT', 'I-INT', 'O', 'B-NOI', 'O', 'B-STU', 'O', 'O', 'O', 'O', 'O']"
"Euh, et donc, c'est tout pour aujourd'hui","['Euh', ',', 'et', 'donc', ',', 'c\'est', 'tout', 'pour', ""aujourd\'hui""]","['B-FIL', 'O', 'B-FIL', 'I-FIL', 'O', 'O', 'O', 'O', 'O']"
"[Clic] Ah, c'est vrai.","['[Clic]', 'Ah', ',', 'c\'est', 'vrai', '.']","['B-NOI', 'B-INT', 'O', 'O', 'O', 'O']"
"Euh, en fait, je ne ne sais pas quoi dire","['Euh', ',', 'en', 'fait', ',', 'je', 'ne', 'ne', 'sais', 'pas', 'quoi', 'dire']","['B-FIL', 'O', 'B-FIL', 'I-FIL', 'O', 'O', 'O', 'B-REP', 'O', 'O', 'O', 'O']"
"Je, euh, je voulais dire que...","['Je', ',', 'euh', ',', 'je', 'voulais', 'dire', 'que', '...']","['O', 'O', 'B-FIL', 'O', 'O', 'O', 'O', 'O', 'O']"
"[Respiration] Eh bien, commençons.","['[Respiration]', 'Eh', 'bien', ',', 'commençons', '.']","['B-NOI', 'B-INT', 'I-INT', 'O', 'O', 'O']"
"[Respiration] Et donc, je v- v- voulais vous annoncer","['[Respiration]', 'Et', 'donc', ',', 'je', 'v-', 'v-', 'voulais', 'vous', 'annoncer']","['B-NOI', 'B-FIL', 'I-FIL', 'O', 'O', 'B-STU', 'I-STU', 'O', 'O', 'O']"
"Ah ! Je v- v- v- veux partir.","['Ah', '!', 'Je', 'v-', 'v-', 'v-', 'veux', 'partir', '.']","['B-INT', 'O', 'O', 'B-STU', 'I-STU', 'I-STU', 'O', 'O', 'O']"
"Euh, pour ainsi dire, c'est compliqué.","['Euh', ',', 'pour', 'ainsi', 'dire', ',', 'c\'est', 'compliqué', '.']","['B-FIL', 'O', 'B-FIL', 'I-FIL', 'I-FIL', 'O', 'O', 'O', 'O']"
"Euh, je v- v- vais essayer de le faire.","['Euh', ',', 'je', 'v-', 'v-', 'vais', 'essayer', 'de', 'le', 'faire', '.']","['B-FIL', 'O', 'O', 'B-STU', 'I-STU', 'O', 'O', 'O', 'O', 'O', 'O']"
"Ah, en fait, nous ne ne pouvons pas.","['Ah', ',', 'en', 'fait', ',', 'nous', 'ne', 'ne', 'pouvons', 'pas', '.']","['B-INT', 'O', 'B-FIL', 'I-FIL', 'O', 'O', 'O', 'B-REP', 'O', 'O', 'O']"
"[Clic] Je pense que, euh, c'est bon","['[Clic]', 'Je', 'pense', 'que', ',', 'euh', ',', 'c\'est', 'bon']","['B-NOI', 'O', 'O', 'O', 'O', 'B-FIL', 'O', 'O', 'O']"
"Eh bien, je vais commencer maintenant.","['Eh', 'bien', ',', 'je', 'vais', 'commencer', 'maintenant', '.']","['B-INT', 'I-INT', 'O', 'O', 'O', 'O', 'O', 'O']"
"[Bruit_de_porte] Nous devrions partir.","['[Bruit_de_porte]', 'Nous', 'devrions', 'partir', '.']","['B-NOI', 'O', 'O', 'O', 'O']"
"Je v- v- voudrais un café, s'il vous plaît","['Je', 'v-', 'v-', 'voudrais', 'un', 'café', ',', ""s'il"", 'vous', 'plaît']","['O', 'B-STU', 'I-STU', 'O', 'O', 'O', 'O', 'O', 'O', 'O']"
"Euh, en fait, c'est une bonne idée.","['Euh', ',', 'en', 'fait', ',', 'c\'est', 'une', 'bonne', 'idée', '.']","['B-FIL', 'O', 'B-FIL', 'I-FIL', 'O', 'O', 'O', 'O', 'O', 'O']"
"Je ne ne sais pas quoi faire maintenant.","['Je', 'ne', 'ne', 'sais', 'pas', 'quoi', 'faire', 'maintenant', '.']","['O', 'O', 'B-REP', 'O', 'O', 'O', 'O', 'O', 'O']"
"Ah bah d'accord ! Euh, c'est t- t- trop tard maintenant","['Ah', 'bah', ""d'accord"", '!', 'Euh', ',', 'c\'est', 't-', 't-', 'trop', 'tard', 'maintenant']","['B-INT', 'I-INT', 'I-INT', 'O', 'B-FIL', 'O', 'O', 'B-STU', 'I-STU', 'O', 'O', 'O']"
"Bon, commençons dès que possible","['[Silence]', 'Bon', ',', 'commençons', 'dès', 'que', 'possible']","['B-SIL', 'B-INT', 'O', 'O', 'O', 'O', 'O']"
"[Clic] Ah, je l'ai trouvé !","['[Clic]', 'Ah', ',', 'je', ""l'ai"", 'trouvé', '!']","['B-NOI', 'B-INT', 'O', 'O', 'O', 'O', 'O']"
"Euh, attends, je v- v- vois quelque chose.","['Euh', ',', 'attends', ',', 'je', 'v-', 'v-', 'vois', 'quelque', 'chose', '.']","['B-FIL', 'O', 'O', 'O', 'O', 'B-STU', 'I-STU', 'O', 'O', 'O', 'O']"
"En fait, nous devrions partir maintenant.","['En', 'fait', ',', 'nous', 'devrions', 'partir', 'maintenant', '.']","['B-FIL', 'I-FIL', 'O', 'O', 'O', 'O', 'O', 'O']"
"Hé, c'est incroyable ce que nous allons vous révéler","['Hé', ',', 'c\'est', 'incroyable', 'ce', 'que', 'nous', 'allons', 'vous', 'révéler']","['B-INT', 'O', 'O', 'O', 'O', 'O', 'O', 'O', 'O', 'O']"
"Ah, je ne ne peux pas le croire.","['Ah', ',', 'je', 'ne', 'ne', 'peux', 'pas', 'le', 'croire', '.']","['B-INT', 'O', 'O', 'O', 'B-REP', 'O', 'O', 'O', 'O', 'O']"
"[Respiration] Donc, commençons tout de suite.","['[Respiration]', 'Donc', ',', 'commençons', 'tout', 'de', 'suite', '.']","['B-NOI', 'O', 'O', 'O', 'O', 'O', 'O', 'O']"
"Euh, je vais, euh, te montrer.","['Euh', ',', 'je', 'vais', ',', 'euh', ',', 'te', 'montrer', '.']","['B-FIL', 'O', 'O', 'O', 'O', 'B-FIL', 'O', 'O', 'O', 'O']"
"Eh bien, en fait, c'est compliqué.","['Eh', 'bien', ',', 'en', 'fait', ',', 'c\'est', 'compliqué', '.']","['B-INT', 'I-INT', 'O', 'B-FIL', 'I-FIL', 'O', 'O', 'O', 'O']"
"Nous ne ne sommes pas prêts.","['Nous', 'ne', 'ne', 'sommes', 'pas', 'prêts', '.']","['O', 'O', 'B-REP', 'O', 'O', 'O', 'O']"
"Euh, je pense que nous devrions y aller.","['Euh', ',', 'je', 'pense', 'que', 'nous', 'devrions', 'y', 'aller', '.']","['B-FIL', 'O', 'O', 'O', 'O', 'O', 'O', 'O', 'O', 'O']"
"Ah, c'est toi ! Je ne ne t'avais pas vu.","['Ah', ',', 'c\'est', 'toi', '!', 'Je', 'ne', 'ne', ""t'avais"", 'pas', 'vu', '.']","['B-INT', 'O', 'O', 'O', 'O', 'O', 'O', 'B-REP', 'O', 'O', 'O', 'O']"
"Mais en fait, je v- v- vais rester ici.","['Mais', 'en', 'fait', ',', 'je', 'v-', 'v-', 'vais', 'rester', 'ici', '.']","['B-FIL', 'I-FIL', 'I-FIL', 'O', 'O', 'B-STU', 'I-STU', 'O', 'O', 'O', 'O']"
"Et donc, [Clic] nous pouvons commencer.","['Et', 'donc', ',', '[Clic]', 'nous', 'pouvons', 'commencer', '.']","['B-FIL', 'I-FIL', 'O', 'B-NOI', 'O', 'O', 'O', 'O']"
"[Bruit_de_papier] En fait, c'est fini.","['[Bruit_de_papier]', 'En', 'fait', ',', 'c\'est', 'fini', '.']","['B-NOI', 'B-FIL', 'I-FIL', 'O', 'O', 'O', 'O']"
"Euh, tu v- v- veux venir avec nous ?","['Euh', ',', 'tu', 'v-', 'v-', 'veux', 'venir', 'avec', 'nous', '?']","['B-FIL', 'O', 'O', 'B-STU', 'I-STU', 'O', 'O', 'O', 'O', 'O']"
"Donc, euh, nous v- v- vous remercions de votre attention.","['Donc', ',', 'euh', ',', 'nous', 'v-', 'v-', 'vous', 'remercions', 'de', 'votre', 'attention', '.']","['B-FIL', 'O', 'B-FIL', 'O', 'O', 'B-STU', 'I-STU', 'O', 'O', 'O', 'O', 'O', 'O']"
"Ah bah d'accord ! Nous pouvons y aller.","['Ah', 'bah', ""d'accord"", '!', 'Nous', 'pouvons', 'y', 'aller', '.']","['B-INT', 'I-INT', 'I-INT', 'O', 'O', 'O', 'O', 'O', 'O']"
"Eh bien, je ne ne sais pas trop.","['Eh', 'bien', ',', 'je', 'ne', 'ne', 'sais', 'pas', 'trop', '.']","['B-INT', 'I-INT', 'O', 'O', 'O', 'B-REP', 'O', 'O', 'O', 'O']"
"[Clic] Euh, comment dire, c'est compliqué.","['[Clic]', 'Euh', ',', 'comment', 'dire', ',', 'c\'est', 'compliqué', '.']","['B-NOI', 'B-FIL', 'O', 'O', 'O', 'O', 'O', 'O', 'O']"
"Quoi ? Tu as d- d- des nouvelles à me donner ?","['Quoi', '?', 'Tu', 'as', 'd-', 'd-', 'des', 'nouvelles', 'à', 'me', 'donner', '?']","['B-INT', 'O', 'O', 'O', 'B-STU', 'I-STU', 'O', 'O', 'O', 'O', 'O', 'O']"
"Ah, en fait, je v- v- vais y penser.","['Ah', ',', 'en', 'fait', ',', 'je', 'v-', 'v-', 'vais', 'y', 'penser', '.']","['B-INT', 'O', 'B-FIL', 'I-FIL', 'O', 'O', 'B-STU', 'I-STU', 'O', 'O', 'O', 'O']"
"[Respiration] Donc, euh, que faisons-nous ?","['[Respiration]', 'Donc', ',', 'euh', ',', 'que', 'faisons', '-', 'nous', '?']","['B-NOI', 'O', 'O', 'B-FIL', 'O', 'O', 'O', 'O', 'O', 'O']"
"Euh, je pense que, euh, c'est possible.","['Euh', ',', 'je', 'pense', 'que', ',', 'euh', ',', 'c\'est', 'possible', '.']","['B-FIL', 'O', 'O', 'O', 'O', 'O', 'B-FIL', 'O', 'O', 'O', 'O']"
"Euh, je ne ne peux pas venir aujourd'hui.","['Euh', ',', 'je', 'ne', 'ne', 'peux', 'pas', 'venir', ""aujourd\'hui"", '.']","['B-FIL', 'O', 'O', 'O', 'B-REP', 'O', 'O', 'O', 'O', 'O']"
"Mais enfin ! Je ne ne comprends pas.","['Mais', 'enfin', '!', 'Je', 'ne', 'ne', 'comprends', 'pas', '.']","['B-INT', 'I-INT', 'O', 'O', 'O', 'B-REP', 'O', 'O', 'O']"
"Euh, et donc, que faisons-nous maintenant ?","['Euh', ',', 'et', 'donc', ',', 'que', 'faisons', '-', 'nous', 'maintenant', '?']","['B-FIL', 'O', 'B-FIL', 'I-FIL', 'O', 'O', 'O', 'O', 'O', 'O', 'O']"
"Ah, je v- v- vais le faire maintenant.","['Ah', ',', 'je', 'v-', 'v-', 'vais', 'le', 'faire', 'maintenant', '.']","['B-INT', 'O', 'O', 'B-STU', 'I-STU', 'O', 'O', 'O', 'O', 'O']"
"En fait, c'est terminé.","['En', 'fait', ',', 'c\'est', 'terminé', '.']","['B-FIL', 'I-FIL', 'O', 'O', 'O', 'O']"
"Euh, nous ne ne sommes pas sûrs","['Euh', ',', 'nous', 'ne', 'ne', 'sommes', 'pas', 'sûrs']","['B-FIL', 'O', 'O', 'O', 'B-REP', 'O', 'O', 'O']"
"Quoi ? Je ne ne t'ai pas entendu.","['Quoi', '?', 'Je', 'ne', 'ne', ""t'ai"", 'pas', 'entendu', '.']","['B-INT', 'O', 'O', 'O', 'B-REP', 'O', 'O', 'O', 'O']"
"[Clic] En fait, je dois partir.","['[Clic]', 'En', 'fait', ',', 'je', 'dois', 'partir', '.']","['B-NOI', 'B-FIL', 'I-FIL', 'O', 'O', 'O', 'O', 'O']"
"Eh bien, euh, que penses-tu ?","['Eh', 'bien', ',', 'euh', ',', 'que', 'penses', '-', 'tu', '?']","['B-INT', 'I-INT', 'O', 'B-FIL', 'O', 'O', 'O', 'O', 'O', 'O']"
"[Clic] [Clic] Ah mais enfin ! C'est incroyable.","['[Clic]', '[Clic]', 'Ah', 'mais', 'enfin', '!', 'C\'est', 'incroyable', '.']","['B-NOI', 'I-NOI', 'B-INT', 'I-INT', 'I-INT', 'O', 'O', 'O', 'O']"
"Et donc, Euh, tu proposes quoi exactement ?","['Et', 'donc', ',', 'Euh', ',', 'tu', 'proposes', 'quoi', 'exactement', '?']","['B-FIL', 'I-FIL', 'O', 'B-FIL', 'O', 'O', 'O', 'O', 'O', 'O']"
"Ah, je v- v- vais réfléchir à tout ça ce week-end","['Ah', ',', 'je', 'v-', 'v-', 'vais', 'réfléchir', 'à', 'tout', 'ça', 'ce', 'week-end']","['B-INT', 'O', 'O', 'B-STU', 'I-STU', 'O', 'O', 'O', 'O', 'O', 'O', 'O']"
"Euh, mais en fait, je pensais que c'était demain.","['Euh', ',', 'mais', 'en', 'fait', ',', 'je', 'pensais', 'que', ""c'était"", 'demain', '.']","['B-FIL', 'O', 'B-FIL', 'I-FIL', 'I-FIL', 'O', 'O', 'O', 'O', 'O', 'O', 'O']"
"Quoi ? Mais enfin, tu ne me me l'avais pas dit!","['Quoi', '?', 'Mais', 'enfin', ',', 'tu', 'ne', 'me', 'me', ""l'avais"", 'pas', 'dit', '!']","['B-INT', 'O', 'B-INT', 'I-INT', 'O', 'O', 'O', 'O', 'B-REP', 'O', 'O', 'O', 'O']"
"Ah bah d'accord, je comprends mieux maintenant.","['Ah', 'bah', ""d'accord"", ',', 'je', 'comprends', 'mieux', 'maintenant', '.']","['B-INT', 'I-INT', 'I-INT', 'O', 'O', 'O', 'O', 'O', 'O']"
"Euh, et donc, tu ne ne viendras pas ce soir ?","['Euh', ',', 'et', 'donc', ',', 'tu', 'ne', 'ne', 'viendras', 'pas', 'ce', 'soir', '?']","['B-FIL', 'O', 'B-FIL', 'I-FIL', 'O', 'O', 'O', 'B-REP', 'O', 'O', 'O', 'O', 'O']"
"[Clic] Euh, je ne ne sais pas quoi penser de tout ça","['[Clic]', 'Euh', ',', 'je', 'ne', 'ne', 'sais', 'pas', 'quoi', 'penser', 'de', 'tout', 'ça']","['B-NOI', 'B-FIL', 'O', 'O', 'O', 'B-REP', 'O', 'O', 'O', 'O', 'O', 'O', 'O']"
"Et donc, euh, merci de votre patience durant cet incident.","['Et', 'donc', ',', 'euh', ',', 'merci', 'de', 'votre', 'patience', 'durant', 'cet', 'incident', '.']","['B-FIL', 'I-FIL', 'O', 'B-FIL', 'O', 'O', 'O', 'O', 'O', 'O', 'O', 'O', 'O']"
"Mais en fait, je v- vais devoir annuler notre rendez-vous","['Mais', 'en', 'fait', ',', 'je', 'v-', 'vais', 'devoir', 'annuler', 'notre', 'rendez-vous']","['B-FIL', 'I-FIL', 'I-FIL', 'O', 'O', 'B-STU', 'O', 'O', 'O', 'O', 'O']"
"Ah bah d'accord, nous allons commencer.","['Ah', 'bah', ""d'accord"", ',', 'nous', 'allons', 'commencer', '.']","['B-INT', 'I-INT', 'I-INT', 'O', 'O', 'O', 'O', 'O']"
"[Silence] Et donc, nous sommes prêts ?","['[Silence]', 'Et', 'donc', ',', 'nous', 'sommes', 'prêts', '?']","['B-SIL', 'B-FIL', 'I-FIL', 'O', 'O', 'O', 'O', 'O']"
"Mais en fait, je v- v- vais vous expliquer tout cela","['Mais', 'en', 'fait', ',', 'je', 'v-', 'v-', 'vais', 'vous', 'expliquer', 'tout', 'cela']","['B-FIL', 'I-FIL', 'I-FIL', 'O', 'O', 'B-STU', 'I-STU', 'O', 'O', 'O', 'O', 'O']"
"Euh, je t- t- t'assure que c'est vrai.","['Euh', ',', 'je', 't-', 't-', 't-', ""assure"", 'que', 'c\'est', 'vrai', '.']","['B-FIL', 'O', 'O', 'B-STU', 'I-STU', 'I-STU', 'O', 'O', 'O', 'O', 'O']"
"Mais enfin, que se passe-t-il ?","['Mais', 'enfin', ',', 'que', 'se', 'passe', '-', 't', '-', 'il', '?']","['B-INT', 'I-INT', 'O', 'O', 'O', 'O', 'O', 'O', 'O', 'O', 'O']"
"Ah, quoi ? Je n'ai pas entendu.","['Ah', ',', 'quoi', '?', 'Je', ""n'ai"", 'pas', 'entendu', '.']","['B-INT', 'O', 'B-INT', 'O', 'O', 'O', 'O', 'O', 'O']"
"Euh, et donc, tu viens avec nous ?","['Euh', ',', 'et', 'donc', ',', 'tu', 'viens', 'avec', 'nous', '?']","['B-FIL', 'O', 'B-FIL', 'I-FIL', 'O', 'O', 'O', 'O', 'O', 'O']"
"[Respiration] Ah bah d'accord, c'est parti.","['[Respiration]', 'Ah', 'bah', ""d'accord"", ',', 'c\'est', 'parti', '.']","['B-NOI', 'B-INT', 'I-INT', 'I-INT', 'O', 'O', 'O', 'O']"
"Je v- v- voudrais maintenant passer aux questions.","['Je', 'v-', 'v-', 'voudrais', 'maintenant', 'passer', 'aux', 'questions', '.']","['O', 'B-STU', 'I-STU', 'O', 'O', 'O', 'O', 'O', 'O']"
"Euh, si personne n'a de questions, nous pouvons conclure.","['Euh', ',', 'si', 'personne', ""n'a"", 'de', 'questions', ',', 'nous', 'pouvons', 'conclure', '.']","['B-FIL', 'O', 'O', 'O', 'O', 'O', 'O', 'O', 'O', 'O', 'O', 'O']"
"Donc, euh, merci de votre attention et à bientôt.","['Donc', ',', 'euh', ',', 'merci', 'de', 'votre', 'attention', 'et', 'à', 'bientôt', '.']","['B-FIL', 'O', 'B-FIL', 'O', 'O', 'O', 'O', 'O', 'O', 'O', 'O', 'O']"
"Mais en fait, il reste un dernier point à aborder.","['Mais', 'en', 'fait', ',', 'il', 'reste', 'un', 'dernier', 'point', 'à', 'aborder', '.']","['B-FIL', 'I-FIL', 'I-FIL', 'O', 'O', 'O', 'O', 'O', 'O', 'O', 'O', 'O']"
"Euh, je ne ne vais pas m'attarder davantage.","['Euh', ',', 'je', 'ne', 'ne', 'vais', 'pas', ""m'attarder"", 'davantage', '.']","['B-FIL', 'O', 'O', 'O', 'B-REP', 'O', 'O', 'O', 'O', 'O']"
"Mais enfin ! Euh, que faisons-nous ?","['Mais', 'enfin', '!', 'Euh', ',', 'que', 'faisons', '-', 'nous', '?']","['B-INT', 'I-INT', 'O', 'B-FIL', 'O', 'O', 'O', 'O', 'O', 'O']"
"Ah, je v- v- voulais dire quelque chose.","['Ah', ',', 'je', 'v-', 'v-', 'voulais', 'dire', 'quelque', 'chose', '.']","['B-INT', 'O', 'O', 'B-STU', 'I-STU', 'O', 'O', 'O', 'O', 'O']"
"Mais en fait, nos résultats dépassent nos attentes initiales.","['Mais', 'en', 'fait', ',', 'nos', 'résultats', 'dépassent', 'nos', 'attentes', 'initiales', '.']","['B-FIL', 'I-FIL', 'I-FIL', 'O', 'O', 'O', 'O', 'O', 'O', 'O', 'O']"
"Euh, aujourd'hui, nous avons un sujet passionnant à discuter.","['Euh', ',', 'aujourd\'hui', ',', 'nous', 'avons', 'un', 'sujet', 'passionnant', 'à', 'discuter', '.']","['B-FIL', 'O', 'O', 'O', 'O', 'O', 'O', 'O', 'O', 'O', 'O', 'O']"
"Ah bah d'accord ! Euh, je ne ne savais pas","['Ah', 'bah', ""d'accord"", '!', 'Euh', ',', 'je', 'ne', 'ne', 'savais', 'pas']","['B-INT', 'I-INT', 'I-INT', 'O', 'B-FIL', 'O', 'O', 'O', 'B-REP', 'O', 'O']"
"[Clic] Ah, je v- v- vais devoir y aller maintenant","['[Clic]', 'Ah', ',', 'je', 'v-', 'v-', 'vais', 'devoir', 'y', 'aller', 'maintenant']","['B-NOI', 'B-INT', 'O', 'O', 'B-STU', 'I-STU', 'O', 'O', 'O', 'O', 'O']"
"Euh, mais en fait, c'est terminé.","['Euh', ',', 'mais', 'en', 'fait', ',', 'c\'est', 'terminé', '.']","['B-FIL', 'O', 'B-FIL', 'I-FIL', 'I-FIL', 'O', 'O', 'O', 'O']"
"[Bruit_de_porte] Ah, tu es là !","['[Bruit_de_porte]', 'Ah', ',', 'tu', 'es', 'là', '!']","['B-NOI', 'B-INT', 'O', 'O', 'O', 'O', 'O']"
"Euh, et donc, tu v- voulais me dire quelque chose ?","['Euh', ',', 'et', 'donc', ',', 'tu', 'v-', 'voulais', 'me', 'dire', 'quelque', 'chose', '?']","['B-FIL', 'O', 'B-FIL', 'I-FIL', 'O', 'O', 'B-STU', 'O', 'O', 'O', 'O', 'O', 'O']"
"Euh, mais en fait, je ne ne peux pas venir ce soir","['Euh', ',', 'mais', 'en', 'fait', ',', 'je', 'ne', 'ne', 'peux', 'pas', 'venir', 'ce', 'soir']","['B-FIL', 'O', 'B-FIL', 'I-FIL', 'I-FIL', 'O', 'O', 'O', 'B-REP', 'O', 'O', 'O', 'O', 'O']"
"Ah, aujourd'hui, nous avons un invité spécial","['Ah', ',', 'aujourd\'hui', ',', 'nous', 'avons', 'un', 'invité', 'spécial']","['B-INT', 'O', 'O', 'O', 'O', 'O', 'O', 'O', 'O']"